<?xml version="1.0" encoding="UTF-8"?>
<project-private xmlns="http://www.netbeans.org/ns/project-private/1">
    <editor-bookmarks xmlns="http://www.netbeans.org/ns/editor-bookmarks/2" lastBookmarkId="0"/>
    <open-files xmlns="http://www.netbeans.org/ns/projectui-open-files/2">
        <group>
            <file>file:/D:/Sem_5/RUP_Lab_Sem_5/Kanishk_RUP_Lab2/RUP%20Lab/RUP%20Lab/Lab2/1st/src/pkg1st/first.java</file>
            <file>file:/D:/Sem_5/RUP_Lab_Sem_5/Kanishk_RUP_Lab2/RUP%20Lab/RUP%20Lab/Lab2/1st/src/pkg1st/payment.java</file>
            <file>file:/D:/Sem_5/RUP_Lab_Sem_5/Kanishk_RUP_Lab2/RUP%20Lab/RUP%20Lab/Lab2/1st/src/pkg1st/second.java</file>
            <file>file:/D:/Sem_5/RUP_Lab_Sem_5/Kanishk_RUP_Lab2/RUP%20Lab/RUP%20Lab/Lab2/1st/src/pkg1st/FINAL.java</file>
        </group>
    </open-files>
</project-private>
